shortcode,url,author,caption,published_at,likes,comments,views,video_url,thumbnail_url,media_path,source_url,hashtags,mentions,external_links,word_count,char_count,language,emojis,keywords,ad_detected,topics,caption_hash,duplicate_of,similarity_score,duration_seconds,audio_title,collaborators,is_remix,media_type,is_pinned,grid_position,thumbnail_width,thumbnail_height,thumbnail_variants,first_seen_at,updated_at
DZiDEvlgLRS,https://www.instagram.com/reel/DZiDEvlgLRS/,,,,,,5200000,,,,https://www.instagram.com/natgeo/reels/,,,,,,,,,,,,,,,,,,,,,,,,2026-07-20T06:42:12.803Z,2026-07-20T06:42:12.803Z
DZgHWJEiZ1R,https://www.instagram.com/reel/DZgHWJEiZ1R/,,,,,,66,,,,https://www.instagram.com/natgeo/reels/,,,,,,,,,,,,,,,,,,,,,,,,2026-07-20T06:42:12.665Z,2026-07-20T06:42:12.665Z
DZjSv_9AAar,https://www.instagram.com/reel/DZjSv_9AAar/,,,,,,1800000,,,,https://www.instagram.com/natgeo/reels/,,,,,,,,,,,,,,,,,,,,,,,,2026-07-20T06:42:12.459Z,2026-07-20T06:42:12.459Z
DZnOMzWkZQS,https://www.instagram.com/reel/DZnOMzWkZQS/,,,,,,1500000,,,,https://www.instagram.com/natgeo/reels/,,,,,,,,,,,,,,,,,,,,,,,,2026-07-20T06:42:12.423Z,2026-07-20T06:42:12.423Z
DZdWHqUIaIW,https://www.instagram.com/reel/DZdWHqUIaIW/,,,,,,4200000,,,,https://www.instagram.com/natgeo/reels/,,,,,,,,,,,,,,,,,,,,,,,,2026-07-20T06:42:12.386Z,2026-07-20T06:42:12.386Z
DZpQwxqimz2,https://www.instagram.com/reel/DZpQwxqimz2/,,,,,,4900000,,,,https://www.instagram.com/natgeo/reels/,,,,,,,,,,,,,,,,,,,,,,,,2026-07-20T06:42:12.350Z,2026-07-20T06:42:12.350Z
DZpyMOvR_R9,https://www.instagram.com/reel/DZpyMOvR_R9/,,,,,,2800000,,,,https://www.instagram.com/natgeo/reels/,,,,,,,,,,,,,,,,,,,,,,,,2026-07-20T06:42:12.315Z,2026-07-20T06:42:12.315Z
DZsufjPAf35,https://www.instagram.com/reel/DZsufjPAf35/,,,,,,1300000,,,,https://www.instagram.com/natgeo/reels/,,,,,,,,,,,,,,,,,,,,,,,,2026-07-20T06:42:12.276Z,2026-07-20T06:42:12.276Z
DZs5le7sTFD,https://www.instagram.com/reel/DZs5le7sTFD/,,,,,,2000000,,,,https://www.instagram.com/natgeo/reels/,,,,,,,,,,,,,,,,,,,,,,,,2026-07-20T06:42:12.238Z,2026-07-20T06:42:12.238Z
DZvYZrdkWv5,https://www.instagram.com/reel/DZvYZrdkWv5/,,,,,,1400000,,,,https://www.instagram.com/natgeo/reels/,,,,,,,,,,,,,,,,,,,,,,,,2026-07-20T06:42:12.201Z,2026-07-20T06:42:12.201Z
DZyJCcXg6Na,https://www.instagram.com/reel/DZyJCcXg6Na/,,,,,,2400000,,,,https://www.instagram.com/natgeo/reels/,,,,,,,,,,,,,,,,,,,,,,,,2026-07-20T06:42:12.165Z,2026-07-20T06:42:12.165Z
DZyK5GRD1vy,https://www.instagram.com/reel/DZyK5GRD1vy/,,,,,,2700000,,,,https://www.instagram.com/natgeo/reels/,,,,,,,,,,,,,,,,,,,,,,,,2026-07-20T06:42:12.131Z,2026-07-20T06:42:12.131Z
DZ0IHbzD3-d,https://www.instagram.com/reel/DZ0IHbzD3-d/,,,,,,6200000,,,,https://www.instagram.com/natgeo/reels/,,,,,,,,,,,,,,,,,,,,,,,,2026-07-20T06:42:12.099Z,2026-07-20T06:42:12.099Z
DZ2-6odgXKU,https://www.instagram.com/reel/DZ2-6odgXKU/,,,,,,20,,,,https://www.instagram.com/natgeo/reels/,,,,,,,,,,,,,,,,,,,,,,,,2026-07-20T06:42:12.065Z,2026-07-20T06:42:12.065Z
DZx1WRhAL-P,https://www.instagram.com/reel/DZx1WRhAL-P/,,,,,,6300000,,,,https://www.instagram.com/natgeo/reels/,,,,,,,,,,,,,,,,,,,,,,,,2026-07-20T06:42:12.000Z,2026-07-20T06:42:12.000Z
DZ54t2bgYTU,https://www.instagram.com/reel/DZ54t2bgYTU/,,,,,,4300000,,,,https://www.instagram.com/natgeo/reels/,,,,,,,,,,,,,,,,,,,,,,,,2026-07-20T06:42:11.965Z,2026-07-20T06:42:11.965Z
DZ8cY6xAElr,https://www.instagram.com/reel/DZ8cY6xAElr/,,,,,,3100000,,,,https://www.instagram.com/natgeo/reels/,,,,,,,,,,,,,,,,,,,,,,,,2026-07-20T06:42:11.931Z,2026-07-20T06:42:11.931Z
DZ-DYN4gL5i,https://www.instagram.com/reel/DZ-DYN4gL5i/,,,,,,1400000,,,,https://www.instagram.com/natgeo/reels/,,,,,,,,,,,,,,,,,,,,,,,,2026-07-20T06:42:11.895Z,2026-07-20T06:42:11.895Z
DZ-bSIAFdQE,https://www.instagram.com/reel/DZ-bSIAFdQE/,,,,,,2700000,,,,https://www.instagram.com/natgeo/reels/,,,,,,,,,,,,,,,,,,,,,,,,2026-07-20T06:42:11.859Z,2026-07-20T06:42:11.859Z
DZ-9JWXgRR_,https://www.instagram.com/reel/DZ-9JWXgRR_/,,,,,,12500000,,,,https://www.instagram.com/natgeo/reels/,,,,,,,,,,,,,,,,,,,,,,,,2026-07-20T06:42:11.818Z,2026-07-20T06:42:11.818Z
DaC4Nf_AGqW,https://www.instagram.com/reel/DaC4Nf_AGqW/,,,,,,1500000,,,,https://www.instagram.com/natgeo/reels/,,,,,,,,,,,,,,,,,,,,,,,,2026-07-20T06:42:11.782Z,2026-07-20T06:42:11.782Z
DaDdxRcid9R,https://www.instagram.com/reel/DaDdxRcid9R/,,,,,,2300000,,,,https://www.instagram.com/natgeo/reels/,,,,,,,,,,,,,,,,,,,,,,,,2026-07-20T06:42:11.739Z,2026-07-20T06:42:11.739Z
DaOJX0wguzY,https://www.instagram.com/reel/DaOJX0wguzY/,,,,,,1300000,,,,https://www.instagram.com/natgeo/reels/,,,,,,,,,,,,,,,,,,,,,,,,2026-07-20T06:42:11.698Z,2026-07-20T06:42:11.698Z
DaREV4MAKKV,https://www.instagram.com/reel/DaREV4MAKKV/,,,,,,2000000,,,,https://www.instagram.com/natgeo/reels/,,,,,,,,,,,,,,,,,,,,,,,,2026-07-20T06:42:11.404Z,2026-07-20T06:42:11.404Z
DaSip_jgfgL,https://www.instagram.com/reel/DaSip_jgfgL/,,,,,,3400000,,,,https://www.instagram.com/natgeo/reels/,,,,,,,,,,,,,,,,,,,,,,,,2026-07-20T06:42:11.342Z,2026-07-20T06:42:11.342Z
DaVXKcLgUwl,https://www.instagram.com/reel/DaVXKcLgUwl/,,,,,,15,,,,https://www.instagram.com/natgeo/reels/,,,,,,,,,,,,,,,,,,,,,,,,2026-07-20T06:42:11.274Z,2026-07-20T06:42:11.274Z
DaV5NQRg7I2,https://www.instagram.com/reel/DaV5NQRg7I2/,,,,,,5200000,,,,https://www.instagram.com/natgeo/reels/,,,,,,,,,,,,,,,,,,,,,,,,2026-07-20T06:42:11.206Z,2026-07-20T06:42:11.206Z
DaYWHOWgoJY,https://www.instagram.com/reel/DaYWHOWgoJY/,,,,,,1800000,,,,https://www.instagram.com/natgeo/reels/,,,,,,,,,,,,,,,,,,,,,,,,2026-07-20T06:42:11.104Z,2026-07-20T06:42:11.104Z
DaYblMOiqQ4,https://www.instagram.com/reel/DaYblMOiqQ4/,,,,,,3100000,,,,https://www.instagram.com/natgeo/reels/,,,,,,,,,,,,,,,,,,,,,,,,2026-07-20T06:42:11.071Z,2026-07-20T06:42:11.071Z
DaYeefXgiOx,https://www.instagram.com/reel/DaYeefXgiOx/,,,,,,1400000,,,,https://www.instagram.com/natgeo/reels/,,,,,,,,,,,,,,,,,,,,,,,,2026-07-20T06:42:11.038Z,2026-07-20T06:42:11.038Z
DaYk8qlDFMg,https://www.instagram.com/reel/DaYk8qlDFMg/,,,,,,2200000,,https://scontent-ams2-1.cdninstagram.com/v/t51.82787-15/723961005_18673212337019133_5393481400875940141_n.jpg?stp=dst-jpg_e15_tt6&_nc_cat=107&ig_cache_key=MzkzNDA1Njc3MzA2OTg1MzQ3MjE4NjczMjEyMzMxMDE5MTMz.3-ccb7-5&ccb=7-5&_nc_sid=58cdad&efg=eyJ2ZW5jb2RlX3RhZyI6IkNMSVBTLnhwaWRzLjEwODAuc2RyLnZpZGVvX2RlZmF1bHRfY292ZXJfZnJhbWUuQzMifQ%3D%3D&_nc_ohc=Ghq_tIacjooQ7kNvwFKzq-U&_nc_oc=Adrmu-9Njtx68CFtqsUJaSVhjxaqFnPnUWArhyz0EkEfceoCBJbrM632VqFA71jg8rc&_nc_ad=z-m&_nc_cid=0&_nc_zt=23&_nc_ht=scontent-ams2-1.cdninstagram.com&_nc_gid=i04YKzDOGN49vcO1p4C-Vw&_nc_ss=7a22e&oh=00_AQApBU8_6GjX8ouLC32L6izhI1eFUczgKN6TjKU8qb0New&oe=6A6398FC,,https://www.instagram.com/natgeo/reels/,,,,,,,,,,,,,,,,[],0,reel,0,20,,,[],2026-07-20T06:42:11.004Z,2026-07-20T06:56:02.279Z
DaZOSfkCIbx,https://www.instagram.com/reel/DaZOSfkCIbx/,,,,,,2300000,,https://scontent-ams2-1.cdninstagram.com/v/t51.82787-15/730381695_18608679727043047_2450636472267757272_n.jpg?stp=dst-jpg_e15_tt6&_nc_cat=107&ig_cache_key=MzkzNDIzODU5Mjk3NzExMDc2OTE4NjA4Njc5NzI0MDQzMDQ3.3-ccb7-5&ccb=7-5&_nc_sid=58cdad&efg=eyJ2ZW5jb2RlX3RhZyI6IkNMSVBTLnhwaWRzLjEwODAuc2RyLnZpZGVvX2RlZmF1bHRfY292ZXJfZnJhbWUuQzMifQ%3D%3D&_nc_ohc=Midch3Rg2pkQ7kNvwE-Cbim&_nc_oc=Adpw3CD-_KDl1ayM8sseNF5-rw4zkZbSVRwUWrGzgO-tDhqOe_-g6ByVYzNMlNLN2Ok&_nc_ad=z-m&_nc_cid=0&_nc_zt=23&_nc_ht=scontent-ams2-1.cdninstagram.com&_nc_gid=i04YKzDOGN49vcO1p4C-Vw&_nc_ss=7a22e&oh=00_AQDgyBqfjXmdJHq45rlz54i0IgzizLEkadboVjumkb3Ztw&oe=6A6383AB,,https://www.instagram.com/natgeo/reels/,,,,,,,,,,,,,,,,[],0,reel,0,19,,,[],2026-07-20T06:42:10.968Z,2026-07-20T06:56:02.256Z
Dad7Iv0ANiV,https://www.instagram.com/reel/Dad7Iv0ANiV/,,,,,,3700000,,https://scontent-ams2-1.cdninstagram.com/v/t51.82787-15/733507379_18674185105019133_5886629982714981086_n.jpg?stp=dst-jpg_e15_tt6&_nc_cat=111&ig_cache_key=MzkzNTU2MTczNTIyOTk4Njk2NTE4Njc0MTg1MTAyMDE5MTMz.3-ccb7-5&ccb=7-5&_nc_sid=58cdad&efg=eyJ2ZW5jb2RlX3RhZyI6IkNMSVBTLnhwaWRzLjcyMC5zZHIudmlkZW9fZGVmYXVsdF9jb3Zlcl9mcmFtZS5DMyJ9&_nc_ohc=EfhRpFRLjR8Q7kNvwGac3mj&_nc_oc=AdpKgk9kEUJ1ucMpM0RcqfnBYSpLT68Wf98alz0kxkzf7EDvNCupf1n-63kW7uUlOy8&_nc_ad=z-m&_nc_cid=0&_nc_zt=23&_nc_ht=scontent-ams2-1.cdninstagram.com&_nc_gid=i04YKzDOGN49vcO1p4C-Vw&_nc_ss=7a22e&oh=00_AQAtjnDn0HcRH_NuT3Oa58y3q3aNZpdPxC_2ZHZoH2cgxw&oe=6A639048,,https://www.instagram.com/natgeo/reels/,,,,,,,,,,,,,,,,[],0,reel,0,18,,,[],2026-07-20T06:42:10.931Z,2026-07-20T06:56:02.244Z
Dafgb-ZDNlf,https://www.instagram.com/reel/Dafgb-ZDNlf/,,,,,,1900000,,https://scontent-ams2-1.cdninstagram.com/v/t51.82787-15/740608525_17940155691266662_2488931781756236417_n.jpg?stp=dst-jpg_e15_tt6&_nc_cat=110&ig_cache_key=MzkzNjAwNzI1OTI1MTU5NTYxNTE3OTQwMTU1Njg4MjY2NjYy.3-ccb7-5&ccb=7-5&_nc_sid=58cdad&efg=eyJ2ZW5jb2RlX3RhZyI6IkNMSVBTLnhwaWRzLjQwNS5zZHIudmlkZW9fZGVmYXVsdF9jb3Zlcl9mcmFtZS5DMyJ9&_nc_ohc=nEwoMtF5-0AQ7kNvwGPuNLs&_nc_oc=Adrzd4pTX0LuF_lnHXQIu3c2GcxCpSnN3S6_pQ2OK10TbHvyDJn7eBJplTgWdOQPKoQ&_nc_ad=z-m&_nc_cid=0&_nc_zt=23&_nc_ht=scontent-ams2-1.cdninstagram.com&_nc_gid=i04YKzDOGN49vcO1p4C-Vw&_nc_ss=7a22e&oh=00_AQB7g73OYbnFoNIr0sOtkpGg97WqJka8ZyTz1U9rXs-ypA&oe=6A637B97,,https://www.instagram.com/natgeo/reels/,,,,,,,,,,,,,,,,[],0,reel,0,17,,,[],2026-07-20T06:42:10.893Z,2026-07-20T06:56:02.237Z
DafuoAoiGTL,https://www.instagram.com/reel/DafuoAoiGTL/,,,,,,2500000,,https://scontent-ams2-1.cdninstagram.com/v/t51.82787-15/735761359_18674137483019133_8413972521138971409_n.jpg?stp=dst-jpg_e15_tt6&_nc_cat=108&ig_cache_key=MzkzNjA2OTY1ODk0MzcxMDQxMTE4Njc0MTM3NDgwMDE5MTMz.3-ccb7-5&ccb=7-5&_nc_sid=58cdad&efg=eyJ2ZW5jb2RlX3RhZyI6IkNMSVBTLnhwaWRzLjEwODAuc2RyLnZpZGVvX2RlZmF1bHRfY292ZXJfZnJhbWUuQzMifQ%3D%3D&_nc_ohc=xbCQhAvWkQcQ7kNvwFZ0LwE&_nc_oc=Adr7XuY5l1YcKGXvNeK97df0CPgIBdBguTtqwIgkEja4ull24c_wXrBbRPQXzq0uM2I&_nc_ad=z-m&_nc_cid=0&_nc_zt=23&_nc_ht=scontent-ams2-1.cdninstagram.com&_nc_gid=i04YKzDOGN49vcO1p4C-Vw&_nc_ss=7a22e&oh=00_AQCrfPU3gVBHTmyY7paQisESXeT1HpO62hwjlg0b18I_9g&oe=6A637B11,,https://www.instagram.com/natgeo/reels/,,,,,,,,,,,,,,,,[],0,reel,0,16,,,[],2026-07-20T06:42:10.854Z,2026-07-20T06:56:02.228Z
DaiUzBsFDyN,https://www.instagram.com/reel/DaiUzBsFDyN/,,,,,,1300000,,https://scontent-ams2-1.cdninstagram.com/v/t51.82787-15/729618305_18674444650019133_3581851863018353761_n.jpg?stp=dst-jpg_e15_tt6&_nc_cat=102&ig_cache_key=MzkzNjgwMDQ5MTcxMjAzNTk4MTE4Njc0NDQ0NjQ0MDE5MTMz.3-ccb7-5&ccb=7-5&_nc_sid=58cdad&efg=eyJ2ZW5jb2RlX3RhZyI6IkNMSVBTLnhwaWRzLjEwODAuc2RyLnZpZGVvX2RlZmF1bHRfY292ZXJfZnJhbWUuQzMifQ%3D%3D&_nc_ohc=uWViLSJQhcIQ7kNvwHqM36X&_nc_oc=AdpB6wINvLpD0Hns7tGAS5-Sb7JD4xY2N9BruXSjEWrhGTKBJL7zFE7NWIq--Bx0gis&_nc_ad=z-m&_nc_cid=0&_nc_zt=23&_nc_ht=scontent-ams2-1.cdninstagram.com&_nc_gid=i04YKzDOGN49vcO1p4C-Vw&_nc_ss=7a22e&oh=00_AQDcsFU1Gy54Mr6RfvtOpv0i6MuB2rAIc4A6WtgCy6J8lQ&oe=6A638CD1,,https://www.instagram.com/natgeo/reels/,,,,,,,,,,,,,,,,[],0,reel,0,15,,,[],2026-07-20T06:42:10.778Z,2026-07-20T06:56:02.210Z
DalBxYqAtIM,https://www.instagram.com/reel/DalBxYqAtIM/,,"National Geographic в Instagram : ""Living on the steepest street in the continental United States comes with some uphill battles—from icy winter commutes to runaway trash cans.
 
Michael Hartman, a certified first responder who has lived on Canton Avenue, in Pittsburgh's Beechview neighborhood, for five years, has been known to administer first aid to the cyclists who regularly test their mettle on the climb during an annual race.
 
With a maximum grade of 37 percent, Canton is not the kind of street you leisurely stroll—or bike—up.

In recognition of the 250th anniversary of U.S. independence, we're celebrating the grandest, wildest, and strangest bits of American geography and culture across every state and territory.

Explore more Wonders of America at the link in bio.

Video by @david_s_allee""",,,,6000000,blob:https://www.instagram.com/f7252faa-0a9f-4159-bcdd-018b36fb3ca9,https://scontent-ams2-1.cdninstagram.com/v/t51.82787-15/744088525_18674690206019133_3627239698315886831_n.jpg?stp=cmp1_dst-jpg_e35_s640x640_tt6&_nc_cat=111&ccb=7-5&_nc_sid=18de74&efg=eyJlZmdfdGFnIjoiQ0xJUFMuYmVzdF9pbWFnZV91cmxnZW4uQzMifQ%3D%3D&_nc_ohc=y6xLq9Mj2DQQ7kNvwGCrmRS&_nc_oc=AdrOGkvx6oxOux7T0eClq_jZmdyiOLszyZsfmJ4ezTP2uj4smuLy7-JoNdbpwIQ3hk0&_nc_zt=23&_nc_ht=scontent-ams2-1.cdninstagram.com&_nc_gid=Atoz2-KLfTBngPfPeHxoow&_nc_ss=7baaf&oh=00_AQDc9MnwWgMwupF-IBBA6R3unkTwjcopHXeeniDlVCtNMw&oe=6A637E28,,https://www.instagram.com/natgeo/reels/,[],"[""@david_s_allee""]",[],126,808,en,[],"[""street"",""canton"",""first"",""who"",""neighborhood"",""independence"",""continental"",""recognition"",""anniversary"",""celebrating"",""geographic"",""pittsburgh""]",0,"[""technology""]",7de8fb4c709fe96bc732af365afddd05cfcdc081eae68f0478a9ef014be2b9a8,,,,,[],0,reel,0,14,,,[],2026-07-20T06:39:06.277Z,2026-07-20T06:58:10.335Z
DaliBZHFetw,https://www.instagram.com/reel/DaliBZHFetw/,,"National Geographic Science в Instagram : ""Some sharks don't have to constantly be on the move, and the result is behavior that's rare to see.

#HammerheadSharksUpClose with @bertiegregory is now streaming on @DisneyPlus and @hulu, part of #Sharkfest on National Geographic.""",,,,3200000,blob:https://www.instagram.com/4c47e9d4-157a-4d91-b6d3-38f5aac8d234,https://scontent-ams2-1.cdninstagram.com/v/t51.82787-15/719462770_18603129994021672_6649246325048425932_n.jpg?stp=cmp1_dst-jpg_e35_s640x640_tt6&_nc_cat=106&ccb=7-5&_nc_sid=18de74&efg=eyJlZmdfdGFnIjoiQ0xJUFMuYmVzdF9pbWFnZV91cmxnZW4uQzMifQ%3D%3D&_nc_ohc=f1C51IRNjQ8Q7kNvwHFKoq4&_nc_oc=Adr_UQJYloAKhO397dT0c18VshTUhmrCjsMNrJWTa7fbP2B_6KsBlSGs67s4wzYP8bU&_nc_zt=23&_nc_ht=scontent-ams2-1.cdninstagram.com&_nc_gid=hPEq1qectjo022fRjUpg3Q&_nc_ss=7baaf&oh=00_AQD88Bb8Vy0LBksO_IttJePlYN_vwFdJFPNzqibKLogbPg&oe=6A6396E0,,https://www.instagram.com/natgeo/reels/,"[""#HammerheadSharksUpClose"",""#Sharkfest""]","[""@bertiegregory"",""@DisneyPlus"",""@hulu""]",[],41,275,en,[],"[""geographic"",""national"",""hammerheadsharksupclose"",""bertiegregory"",""constantly"",""disneyplus"",""instagram"",""streaming"",""sharkfest"",""behavior"",""science"",""sharks""]",0,"[""animals"",""science""]",d3c86b727ae7ed42b1b38b8e1c730f7f5e70551839aafb9f1ff21d239d9e3f93,,,,,[],0,reel,0,13,,,[],2026-07-20T06:38:59.934Z,2026-07-20T06:58:10.359Z
Dalo7AhgiT6,https://www.instagram.com/reel/Dalo7AhgiT6/,,"National Geographic в Instagram : ""In 2025, Kazi and 15 other cheetahs undertook a grueling 53-hour translocation from South Africa to Mozambique—the largest cheetah relocation ever attempted. Such a journey can be risky, but it's necessary to ensure the survival of a species with fewer than 7,100 individuals remaining worldwide, both in the wild and in captivity. After navigating bureaucracy, torrential rain, and a car crash, the effort has proven initially successful one year on, with Kazi giving birth to these three cubs.

Following the journey of the largest cheetah relocation attempted at the link in bio. 

Video by Slots Media and @theoriginsfoundation.""",,,,4300000,blob:https://www.instagram.com/8405da37-bc6b-4d8b-9089-cff499bd1291,https://scontent-ams2-1.cdninstagram.com/v/t51.82787-15/743730222_18674767657019133_7919708989721025599_n.jpg?stp=cmp1_dst-jpg_e35_s640x640_tt6&_nc_cat=103&ccb=7-5&_nc_sid=18de74&efg=eyJlZmdfdGFnIjoiQ0xJUFMuYmVzdF9pbWFnZV91cmxnZW4uQzMifQ%3D%3D&_nc_ohc=V-2hM3lea9AQ7kNvwGguqRp&_nc_oc=AdoJoYzK-zMRX56aiW1ezPOkRlHLsCqW2hceKcVwr5pfTJUEceyyau62u6FE88bGU2Q&_nc_zt=23&_nc_ht=scontent-ams2-1.cdninstagram.com&_nc_gid=YhtvYW3I5cn1K3WuDuB0sQ&_nc_ss=7baaf&oh=00_AQB2yGt4AZ_SfyKUwG8AqIsjmkRSrTFG3E3mLeD_2mDgEg&oe=6A638128,,https://www.instagram.com/natgeo/reels/,[],"[""@theoriginsfoundation.""]",[],103,668,en,[],"[""relocation"",""attempted"",""largest"",""cheetah"",""journey"",""kazi"",""theoriginsfoundation"",""translocation"",""individuals"",""bureaucracy"",""geographic"",""mozambique""]",0,"[""animals"",""travel"",""technology""]",6f0bfccbb409bd42ecb0c8bac6b996f5505b04334cee3637e4a688334789f6b6,,,,,[],0,reel,0,12,,,[],2026-07-20T06:38:53.314Z,2026-07-20T06:58:10.367Z
DannTmxhLV-,https://www.instagram.com/reel/DannTmxhLV-/,,"National Geographic в Instagram : ""For the first time in more than 900 years, the Bayeux Tapestry—a 225-foot-long work of medieval art depicting the Norman Conquest of England—has arrived in the U.K. Transporting one of the world's most famous and fragile antiquities meant navigating numerous practical and political hurdles and required years of planning, with conservators and engineers developing a highly specialized process to protect the tapestry. 
 
Nat Geo writer Chris Heath and photographer @zed_nelson witnessed its arrival at the British Museum in London in the early hours of July 10, marking an accomplishment that many considered impossible. 

Learn more about the secret mission to move the world's most famous tapestry at the link in bio.""",,,,2300000,blob:https://www.instagram.com/d459fc5d-d86e-4431-af49-1dc24b197b03,https://scontent-ams2-1.cdninstagram.com/v/t51.82787-15/743318700_18674991607019133_2489280966409096257_n.jpg?stp=cmp1_dst-jpg_e35_s640x640_tt6&_nc_cat=102&ccb=7-5&_nc_sid=18de74&efg=eyJlZmdfdGFnIjoiQ0xJUFMuYmVzdF9pbWFnZV91cmxnZW4uQzMifQ%3D%3D&_nc_ohc=VnH136nvJtIQ7kNvwGgJfnA&_nc_oc=AdqBJAZoyVT7Dbymc7-6XiwslAd2upoxIHvfLu_-RxTDhh1gEK6LJX4YpoTuh0ti5vM&_nc_zt=23&_nc_ht=scontent-ams2-1.cdninstagram.com&_nc_gid=ScRzSm3s2K2OQODqIM5KgA&_nc_ss=7baaf&oh=00_AQCXerQ68F4Gz9tuSEflTGqx9u0hPE-02UR42ErZsoodJA&oe=6A639E99,,https://www.instagram.com/natgeo/reels/,[],"[""@zed_nelson""]",[],116,757,en,[],"[""tapestry"",""famous"",""years"",""world"",""more"",""most"",""accomplishment"",""transporting"",""conservators"",""photographer"",""antiquities"",""specialized""]",0,"[""fitness""]",28be6cf26c29caad9d233b3ce9bbe23e35335971e5f9e1693eb67016e1567f4f,,,,,[],0,reel,0,11,,,[],2026-07-20T06:38:47.344Z,2026-07-20T06:58:10.375Z
DasZY6vgCpu,https://www.instagram.com/reel/DasZY6vgCpu/,,"National Geographic в Instagram : ""Humans kill millions of sharks each year, and overfishing poses a major threat to their populations—especially hammerheads, since they grow and reproduce slowly. These iconic creatures are already at the brink of extinction, but successful marine protection initiatives offer a glimpse of hope for the future. 

#HammerheadSharksUpClose with @bertiegregory is now streaming on @DisneyPlus and @hulu.""",,,,2600000,blob:https://www.instagram.com/97cdd346-a2d8-49c7-a5e5-bba1c9da110e,https://scontent-ams2-1.cdninstagram.com/v/t51.82787-15/746059371_18675567490019133_5273574355644940956_n.jpg?stp=cmp1_dst-jpg_e35_s640x640_tt6&_nc_cat=100&ccb=7-5&_nc_sid=18de74&efg=eyJlZmdfdGFnIjoiQ0xJUFMuYmVzdF9pbWFnZV91cmxnZW4uQzMifQ%3D%3D&_nc_ohc=dbSbXi0WjI4Q7kNvwHbedi7&_nc_oc=AdrWAzBb4b36uiR8FLA4fWa4T6QiyVndKXqUHC6mdWwf4-GXkIPUNsYdj0TwektNiZs&_nc_zt=23&_nc_ht=scontent-ams2-1.cdninstagram.com&_nc_gid=LdP10kI81r4T6QVIcKNQsw&_nc_ss=7baaf&oh=00_AQD6oDjf42r_lCBW7DOhXmttKQ_dfG--QFrjLCefFb1E9g&oe=6A63A59E,,https://www.instagram.com/natgeo/reels/,"[""#HammerheadSharksUpClose""]","[""@bertiegregory"",""@DisneyPlus"",""@hulu.""]",[],61,435,en,[],"[""hammerheadsharksupclose"",""bertiegregory"",""overfishing"",""populations"",""hammerheads"",""initiatives"",""geographic"",""especially"",""extinction"",""successful"",""protection"",""disneyplus""]",0,"[""animals""]",b4d628e1a173150b5f9b69b7fdf3d162bb914164b7141d9d465343254f6e50fe,,,,,[],0,reel,0,10,,,[],2026-07-20T06:38:40.463Z,2026-07-20T06:58:10.382Z
Dau40mcg2bp,https://www.instagram.com/reel/Dau40mcg2bp/,,"National Geographic в Instagram : ""Rank America's 63 national parks by size, and Great Smoky Mountains comes in middling. But scientists have identified a stunning range of some 23,000 species there, famously including more salamander varieties than anyplace else on Earth. 

See more Wonders of America at the link in bio.

Video by @bystephanievermillion""",,,,2000000,blob:https://www.instagram.com/0459ba24-2aa0-4e35-968b-63501bf9bc3b,https://scontent-ams2-1.cdninstagram.com/v/t51.82787-15/744357556_18675860608019133_3923201765294969956_n.jpg?stp=cmp1_dst-jpg_e35_s640x640_tt6&_nc_cat=107&ccb=7-5&_nc_sid=18de74&efg=eyJlZmdfdGFnIjoiQ0xJUFMuYmVzdF9pbWFnZV91cmxnZW4uQzMifQ%3D%3D&_nc_ohc=aSZnl-HHMogQ7kNvwF3CAhj&_nc_oc=AdqBnq6hIkttSWoKcJag0wbxMl5jmCLGNwS125raCldMDPbvme3qN-hgeYo4w2kFsz4&_nc_zt=23&_nc_ht=scontent-ams2-1.cdninstagram.com&_nc_gid=K0RUW-Ibze_rOVQyRJLeHQ&_nc_ss=7baaf&oh=00_AQCzg7_gdK3gYObb_sVMZ_qF96BQP5jtOJmkJIoDqRm3tA&oe=6A63A631,,https://www.instagram.com/natgeo/reels/,[],"[""@bystephanievermillion""]",[],54,357,en,[],"[""national"",""america"",""more"",""bystephanievermillion"",""geographic"",""scientists"",""identified"",""salamander"",""instagram"",""mountains"",""including"",""varieties""]",0,"[""science"",""technology""]",80ca4a8c7400432f0506fe9b571dc5293d3dd09157691235eb4cf2e8376ebd64,,,,,[],0,reel,0,9,,,[],2026-07-20T06:38:33.882Z,2026-07-20T06:58:10.388Z
DavO1jtiEjl,https://www.instagram.com/reel/DavO1jtiEjl/,,"National Geographic в Instagram : ""From protecting wildlife to hosting on the dance floor, @robertirwinphotography seizes every opportunity that comes his way. 💛  Dancing with the Stars: The Next Pro premieres tonight at 8/7c on @abc. Stream next day on @DisneyPlus and @hulu. 

Watch Robert’s full Nat Geo 9 interview on @natgeo's YouTube at the link in bio.""",,,,2000000,blob:https://www.instagram.com/9feb5b14-e78f-470b-a91b-7113501414b9,https://scontent-ams2-1.cdninstagram.com/v/t51.82787-15/745282780_18675924241019133_7254948821310721783_n.jpg?stp=cmp1_dst-jpg_e35_s640x640_tt6&_nc_cat=108&ccb=7-5&_nc_sid=18de74&efg=eyJlZmdfdGFnIjoiQ0xJUFMuYmVzdF9pbWFnZV91cmxnZW4uQzMifQ%3D%3D&_nc_ohc=sPrOflsTOCIQ7kNvwEbIDTa&_nc_oc=AdotemD6A6FaUEcNjA0AeN_QClWvrtifdKOyKfUjmYV6pFeICG-EiSTVeRkWt6oqKpU&_nc_zt=23&_nc_ht=scontent-ams2-1.cdninstagram.com&_nc_gid=vX_Hr88GkkQxZheMHu9Y3w&_nc_ss=7baaf&oh=00_AQBJvETCxvrIvpp3riNA_aBOjrqjgGsXnNh4bZa1wrTPfQ&oe=6A639535,,https://www.instagram.com/natgeo/reels/,[],"[""@robertirwinphotography"",""@abc."",""@DisneyPlus"",""@hulu."",""@natgeo""]",[],58,360,en,"[""💛""]","[""next"",""robertirwinphotography"",""opportunity"",""geographic"",""protecting"",""disneyplus"",""instagram"",""premieres"",""interview"",""national"",""wildlife"",""hosting""]",0,"[""animals""]",84d1be34d3327fb21dad994fc689e4af731ac8b00b6e1427eb7ed987f0f7aa75,,,,,[],0,reel,0,8,,,[],2026-07-20T06:38:27.680Z,2026-07-20T06:58:10.394Z
DaoAKGuA8sg,https://www.instagram.com/reel/DaoAKGuA8sg/,,"National Geographic в Instagram : ""Is this the cutest mealtime you’ve ever seen? These meerkat pups are fueling up with mom. As they grow, the clan will help the matriarch raise the next generation—a cooperative way of life that’s becoming more important as the Kalahari grows hotter and drier. 

Learn why powerful matriarchs are vital to meerkat survival at the link in bio. 

Video by @ottowhitehead""",,,,1600000,blob:https://www.instagram.com/6814695e-966c-405b-be87-051f45c9e0d5,https://scontent-ams2-1.cdninstagram.com/v/t51.82787-15/742473243_18675052852019133_2497941882745105234_n.jpg?stp=cmp1_dst-jpg_e35_s640x640_tt6&_nc_cat=110&ccb=7-5&_nc_sid=18de74&efg=eyJlZmdfdGFnIjoiQ0xJUFMuYmVzdF9pbWFnZV91cmxnZW4uQzMifQ%3D%3D&_nc_ohc=6OLngIxJ7zAQ7kNvwE3M0-9&_nc_oc=Adp7foSrk5LuohjjXl3iX45gNr1SD1gCV2dTzZVSDbV44Wl7ThSZVxEHhg5ieDKvhgE&_nc_zt=23&_nc_ht=scontent-ams2-1.cdninstagram.com&_nc_gid=C6tsD2Ln0F0TYgU9eNXHkg&_nc_ss=7baaf&oh=00_AQBF3USEY_Mp142TDWWix7Oo5mhVyXxP2B4TIj-foHA29Q&oe=6A6395B7,,https://www.instagram.com/natgeo/reels/,[],"[""@ottowhitehead""]",[],66,403,en,[],"[""meerkat"",""ottowhitehead"",""cooperative"",""geographic"",""generation"",""matriarchs"",""instagram"",""matriarch"",""important"",""national"",""mealtime"",""becoming""]",0,"[""technology""]",05cb510c6e0f9fc5500c948cd347e50b334742faa254517e43988423e9b3608a,,,,,[],0,reel,0,7,,,[],2026-07-20T06:38:21.295Z,2026-07-20T06:58:10.402Z
Daxw2LdiFXr,https://www.instagram.com/reel/Daxw2LdiFXr/,,"National Geographic в Instagram : ""The timespan of an iceberg is usually measured in years, not decades. A23a was different. For forty years, the world's largest iceberg endured in a changing ocean, quietly shedding itself in the background as humanity slowly began to experience the consequences of a warming world. Simultaneously remarkable and ignored, A23a only achieved fame near the end, when it arrived in open water. Suddenly accessible to both scientists and tourists, its last days were witnessed by people who marveled at its size even as it crumbled and diminished before their eyes. This surreal, surprising behemoth is mostly gone now, but the lessons it taught humanity, both scientific and intangible, remain.

Discover more about the extraordinary legacy of the world's largest iceberg at the link in bio.""",,,,3700000,blob:https://www.instagram.com/e176ee16-132f-45a4-9ede-c7bc71d932b3,https://scontent-ams2-1.cdninstagram.com/v/t51.82787-15/746861891_18676166206019133_4869917670888462707_n.jpg?stp=cmp1_dst-jpg_e35_s640x640_tt6&_nc_cat=100&ccb=7-5&_nc_sid=18de74&efg=eyJlZmdfdGFnIjoiQ0xJUFMuYmVzdF9pbWFnZV91cmxnZW4uQzMifQ%3D%3D&_nc_ohc=wCUtlbwUErEQ7kNvwHN8Lfa&_nc_oc=AdpkZY-sQcuUC4RcTpkmNZQssm-efdtdYNzF4dK9r4gHb5GSynNAkGBhXoOPt9ov37Y&_nc_zt=23&_nc_ht=scontent-ams2-1.cdninstagram.com&_nc_gid=YD8L_Gi-N8M9uwO3kXAC7g&_nc_ss=7baaf&oh=00_AQAhRHSsfDut0KWEjG5PH3772wgAJMcdCakfGFPCXfnBhg&oe=6A63A6D7,,https://www.instagram.com/natgeo/reels/,[],[],[],130,823,en,[],"[""iceberg"",""world"",""humanity"",""largest"",""years"",""a23a"",""both"",""its"",""simultaneously"",""extraordinary"",""consequences"",""geographic""]",0,"[""environment"",""science"",""technology""]",e1ed0aac01308b7584adc31fe9b4ea955a809c3adc092bf86e645814c96c140b,,,,,[],0,reel,0,6,,,[],2026-07-20T06:38:14.373Z,2026-07-20T06:58:10.409Z
DayU1UEAhPK,https://www.instagram.com/reel/DayU1UEAhPK/,,"National Geographic Science в Instagram : ""By maintaining protected areas like Cabo Pulmo, researchers like National Geographic Explorer Dr. Katy Ayres and @sharkwatchbaja can help ensure the future of shark populations. 

Join National Geographic Explorer @bertiegregory in #HammerheadSharksUpClose, now streaming on @DisneyPlus and @hulu. Part of #Sharkfest on National Geographic.""",,,,1700000,blob:https://www.instagram.com/ff3c65d3-6dcd-4020-8842-a66e6bdf220f,https://scontent-ams2-1.cdninstagram.com/v/t51.82787-15/747736304_18604582384021672_6633116648414475149_n.jpg?stp=cmp1_dst-jpg_e35_s640x640_tt6&_nc_cat=104&ccb=7-5&_nc_sid=18de74&efg=eyJlZmdfdGFnIjoiQ0xJUFMuYmVzdF9pbWFnZV91cmxnZW4uQzMifQ%3D%3D&_nc_ohc=6qD_IGt34hkQ7kNvwGh9yM_&_nc_oc=AdrczmAEu-b-9Iip1M-oBovIDnQF3s0pTzxi4G4P3OrPj9FXI6IRtgOhYvquS-488po&_nc_zt=23&_nc_ht=scontent-ams2-1.cdninstagram.com&_nc_gid=i4KaukCtZd8QOOzJ7PCFDQ&_nc_ss=7baaf&oh=00_AQCcn_sp3HXnERWSbDyWEe2YKisiXAhKyFCLyda4m0hMKA&oe=6A6387BE,,https://www.instagram.com/natgeo/reels/,"[""#HammerheadSharksUpClose"",""#Sharkfest""]","[""@sharkwatchbaja"",""@bertiegregory"",""@DisneyPlus"",""@hulu.""]",[],50,384,en,[],"[""geographic"",""national"",""explorer"",""like"",""hammerheadsharksupclose"",""sharkwatchbaja"",""bertiegregory"",""maintaining"",""researchers"",""populations"",""disneyplus"",""instagram""]",0,"[""animals"",""science"",""technology""]",7ffa946af8ed415d296e991520c502540b4b3ef402455f0a421f0ee385e8bf00,,,,,[],0,reel,0,5,,,[],2026-07-20T06:38:08.371Z,2026-07-20T06:58:10.417Z
Da0oboXkcBf,https://www.instagram.com/reel/Da0oboXkcBf/,,"National Geographic в Instagram : ""Through family archives, cherished memories and the breathtaking landscapes of Iceland, poet Andri Snær Magnason creates a time capsule for generations to come.

#TimeAndWater premieres July 31 at 9/8c on National Geographic. Next day on @DisneyPlus and @hulu.""",,,,1500000,blob:https://www.instagram.com/f48384ca-59d6-4751-a8ca-aa14f6a2b742,https://scontent-ams2-1.cdninstagram.com/v/t51.82787-15/747505320_18676529251019133_7163994101734670870_n.jpg?stp=cmp1_dst-jpg_e35_s640x640_tt6&_nc_cat=100&ccb=7-5&_nc_sid=18de74&efg=eyJlZmdfdGFnIjoiQ0xJUFMuYmVzdF9pbWFnZV91cmxnZW4uQzMifQ%3D%3D&_nc_ohc=ddm3vCtlnFcQ7kNvwHjs7md&_nc_oc=Ado3aeuOyt1p-sap_HLaAl7g2ETaOant-hRHEFJSscQhsMlqyD49DwxYl1w1aSm2bNg&_nc_zt=23&_nc_ht=scontent-ams2-1.cdninstagram.com&_nc_gid=s-jrjtDvQzs9yQeDN8gRJw&_nc_ss=7baaf&oh=00_AQBnNB0YRvEE_c_uudI_m9M0QK2O4Bj2Z_PjT_h3qWtDbA&oe=6A6384C8,,https://www.instagram.com/natgeo/reels/,"[""#TimeAndWater""]","[""@DisneyPlus"",""@hulu.""]",[],43,296,en,[],"[""geographic"",""national"",""breathtaking"",""timeandwater"",""generations"",""landscapes"",""disneyplus"",""instagram"",""cherished"",""premieres"",""archives"",""memories""]",0,[],747ff95f0d4ce22ed65249a04ab6a2425adf6790b5aa6d2801d228583916842f,,,,,[],0,reel,0,4,,,[],2026-07-20T06:38:02.139Z,2026-07-20T06:58:10.423Z
Da2vD_Lgk4k,https://www.instagram.com/reel/Da2vD_Lgk4k/,,"National Geographic в Instagram : ""Don't let their size fool you. Elephants are as graceful as they are massive. 🐘 @joelsartore has so many reasons to love elephants—what's your favorite thing about them?

We’re celebrating 20 years of the National Geographic #PhotoArk, an audacious project documenting the world's incredible biodiversity and highlighting the importance of conservation through photography. Which animal do you want to see next?""",,,,28,blob:https://www.instagram.com/d614911a-8806-4546-9015-0b4c6264bab3,https://scontent-ams2-1.cdninstagram.com/v/t51.82787-15/749077023_18676758304019133_8649584099061376203_n.jpg?stp=cmp1_dst-jpg_e35_s640x640_tt6&_nc_cat=103&ccb=7-5&_nc_sid=18de74&efg=eyJlZmdfdGFnIjoiQ0xJUFMuYmVzdF9pbWFnZV91cmxnZW4uQzMifQ%3D%3D&_nc_ohc=2qz8Y3ge_34Q7kNvwHQTCWA&_nc_oc=AdoAe1UbHxZNS_aZ_7mX0RquOCImsnyRT_Kl7b7_kPYdEuYrA0tGRXNPO6yi6InXYNo&_nc_zt=23&_nc_ht=scontent-ams2-1.cdninstagram.com&_nc_gid=HrlBWKnlul6J8sATbDrRgA&_nc_ss=7baaf&oh=00_AQDzh_2Hhco5O_SxiyfNY2FPGzicPiM6EIYON4Dw139kGw&oe=6A63AC7B,,https://www.instagram.com/natgeo/reels/,"[""#PhotoArk""]","[""@joelsartore""]",[],66,447,en,"[""🐘""]","[""geographic"",""elephants"",""national"",""biodiversity"",""highlighting"",""conservation"",""joelsartore"",""celebrating"",""documenting"",""photography"",""incredible"",""importance""]",0,"[""animals"",""environment""]",cf4d02c5cab092d5f4344dc350da9dd478a47a669331f09a9d749b49a5118c38,,,,,[],0,reel,0,3,,,[],2026-07-20T06:35:24.599Z,2026-07-20T06:58:10.434Z
Da5gCmKiZGp,https://www.instagram.com/reel/Da5gCmKiZGp/,,"National Geographic в Instagram : ""Instead of going in for the kill, this mother orca spins the sea turtle, holds it beneath the surface, and drags it by the flipper as her calf watches on. Researchers examining this footage captured in the Gulf of California believe it may be evidence of teaching, rather than an orca simply playing with her food—especially since orca calves spend a great deal of time by their mothers' side during their infancy.

Find out more about how animals share survival lessons at the link in bio. 

Video by Alonso I. Rodríguez de la Parra/Mares de Mexico.""",,,,4000000,blob:https://www.instagram.com/f8dc911a-0ddd-42c2-ab22-d588536cfe46,https://scontent-ams2-1.cdninstagram.com/v/t51.82787-15/748115209_18677111212019133_5211182155164634977_n.jpg?stp=cmp1_dst-jpg_e35_s640x640_tt6&_nc_cat=108&ccb=7-5&_nc_sid=18de74&efg=eyJlZmdfdGFnIjoiQ0xJUFMuYmVzdF9pbWFnZV91cmxnZW4uQzMifQ%3D%3D&_nc_ohc=GY73XnR1BZMQ7kNvwEHpa4x&_nc_oc=Adrz49Lx5QzhkV3khcMQ3vWBLrLa_cIjZ4vglmXOkSrliqnqN2B6L2vJ_-Y2-CtuLT4&_nc_zt=23&_nc_ht=scontent-ams2-1.cdninstagram.com&_nc_gid=1jhinFJ5VfVjPpzELFb9Zw&_nc_ss=7baaf&oh=00_AQBBJuc-xQaLcP-owIr4QNd6BAmaLZLLmJs63YYK38A3dQ&oe=6A6396A5,,https://www.instagram.com/natgeo/reels/,[],[],[],101,586,en,[],"[""orca"",""their"",""her"",""researchers"",""geographic"",""california"",""especially"",""instagram"",""examining"",""rodríguez"",""national"",""captured""]",0,"[""animals"",""science"",""food""]",d9b5578e59cba1fb0fda0a77f84979f1b6d98f70afbecff06780bee99cc1c3f4,,,,,[],0,reel,0,2,,,[],2026-07-20T06:35:05.448Z,2026-07-20T06:58:10.443Z
Da8f09SA1ly,https://www.instagram.com/reel/Da8f09SA1ly/,,"National Geographic в Instagram : ""Some sharks navigate across entire ocean basins, covering distances comparable to Earth's circumference. Hidden within their snouts is the sensory system that helps guide these extraordinary journeys. But some species are adjusting their migrations—National Geographic Explorer Arzucan Askin (@zuzu_askin) explains why.""",,,,1900000,blob:https://www.instagram.com/a61392e4-2e41-4a31-a9ca-11999b10b7b3,https://scontent-ams2-1.cdninstagram.com/v/t51.82787-15/749302136_18677464411019133_8795938872802564498_n.jpg?stp=cmp1_dst-jpg_e35_s640x640_tt6&_nc_cat=110&ccb=7-5&_nc_sid=18de74&efg=eyJlZmdfdGFnIjoiQ0xJUFMuYmVzdF9pbWFnZV91cmxnZW4uQzMifQ%3D%3D&_nc_ohc=I82Svfxz5uQQ7kNvwH9kstQ&_nc_oc=AdqZKNyOGILmFHbJmGUktjAF2BlUWBGEkIRSmhhgQYMvqfo9aZCD0fOvfEo7jk3NkSg&_nc_zt=23&_nc_ht=scontent-ams2-1.cdninstagram.com&_nc_gid=dr0386CM88sbqWs14V0XEg&_nc_ss=7baaf&oh=00_AQBIoHeuklxT0TOi63Y_8Ls4YK5LAq9FerNTpvBE5IxsCA&oe=6A63829A,,https://www.instagram.com/natgeo/reels/,[],"[""@zuzu_askin""]",[],46,355,en,[],"[""geographic"",""national"",""their"",""askin"",""some"",""circumference"",""extraordinary"",""comparable"",""migrations"",""instagram"",""distances"",""adjusting""]",0,"[""animals"",""environment"",""travel"",""technology""]",9000e8747fc97f08916d6ba0d22b2b89f91b1c8d5a62fde40cbe906c05dd0f1e,,,,,[],0,reel,0,1,,,[],2026-07-20T06:34:48.097Z,2026-07-20T06:58:10.450Z